planet,name,gm,radius,density,magnitude,albedo
Earth,Moon,4902.801,1737.5,3.344,-12.74,0.12
Mars,Phobos,0.0007112,11.1,1.872,11.4,0.071
Mars,Deimos,0.0000985,6.2,1.471,12.45,0.068
Jupiter,Io,5959.916,1821.6,3.528,5.02,0.63
Jupiter,Europa,3202.739,1560.8,3.013,5.29,0.67
Jupiter,Ganymede,9887.834,2631.2,1.942,4.61,0.43
Jupiter,Callisto,7179.289,2410.3,1.834,5.65,0.17
Jupiter,Amalthea,0.138,83.45,0.849,14.1,0.090
Jupiter,Himalia,0.45,85,2.6,14.2R,0.04
Jupiter,Elara,0.058,43,2.6,16.0R,0.04
Jupiter,Pasiphae,0.020,30,2.6,16.8R,0.04
Jupiter,Sinope,0.0050,19,2.6,18.2R,0.04
Jupiter,Lysithea,0.0042,18,2.6,18.1R,0.04
Jupiter,Carme,0.0088,23,2.6,18.1R,0.04
Jupiter,Ananke,0.0020,14,2.6,19.1R,0.04
Jupiter,Leda,0.00073,10,2.6,19.2R,0.04
Jupiter,Thebe,0.10,49.3,3.0,16.0,0.047
Jupiter,Adrastea,0.0005,8.2,3.0,18.7,0.1
Jupiter,Metis,0.008,21.5,3.0,17.5,0.061
Jupiter,Callirrhoe,0.000058,4.3,2.6,20.8R,0.04
Jupiter,Themisto,0.000046,4.0,2.6,21.0R,0.04
Jupiter,Megaclite,0.000014,2.7,2.6,21.7R,0.04
Jupiter,Taygete,0.000011,2.5,2.6,21.9R,0.04
Jupiter,Chaldene,0.000005,1.9,2.6,22.5R,0.04
Jupiter,Harpalyke,0.000008,2.2,2.6,22.2R,0.04
Jupiter,Kalyke,0.000013,2.6,2.6,21.8R,0.04
Jupiter,Iocaste,0.000013,2.6,2.6,21.8R,0.04
Jupiter,Erinome,0.000003,1.6,2.6,22.8R,0.04
Jupiter,Isonoe,0.000005,1.9,2.6,22.5R,0.04
Jupiter,Praxidike,0.000029,3.4,2.6,21.2R,0.04
Jupiter,Autonoe,0.000006,2.0,2.6,22.0R,0.04
Jupiter,Thyone,0.000006,2.0,2.6,22.3R,0.04
Jupiter,Hermippe,0.000006,2.0,2.6,22.1R,0.04
Jupiter,Aitne,0.000003,1.5,2.6,22.7R,0.04
Jupiter,Eurydome,0.000003,1.5,2.6,22.7R,0.04
Jupiter,Euanthe,0.000003,1.5,2.6,22.8R,0.04
Jupiter,Euporie,0.000001,1.0,2.6,23.1R,0.04
Jupiter,Orthosie,0.000001,1.0,2.6,23.1R,0.04
Jupiter,Sponde,0.000001,1.0,2.6,23.0R,0.04
Jupiter,Kale,0.000001,1.0,2.6,23.0R,0.04
Jupiter,Pasithee,0.000001,1.0,2.6,23.2R,0.04
Jupiter,Hegemone,0.000003,1.5,2.6,22.8R,0.04
Jupiter,Mneme,0.000001,1.0,2.6,23.3R,0.04
Jupiter,Aoede,0.000006,2.0,2.6,22.5R,0.04
Jupiter,Thelxinoe,0.000001,1.0,2.6,23.5R,0.04
Jupiter,Arche,0.000003,1.5,2.6,22.8R,0.04
Jupiter,Kallichore,0.000001,1.0,2.6,23.7R,0.04
Jupiter,Helike,0.000006,2.0,2.6,22.6R,0.04
Jupiter,Carpo,0.000003,1.5,2.6,23.0R,0.04
Jupiter,Eukelade,0.000006,2.0,2.6,22.6R,0.04
Jupiter,Cyllene,0.000001,1.0,2.6,23.2R,0.04
Jupiter,Kore,0.000001,1.0,2.6,23.6R,0.04
Jupiter,Herse,0.000001,1.0,2.6,23.4R,0.04
Jupiter,S/2000 J11,0.000001,1.0,2.6,22.4R,0.04
Jupiter,S/2003 J2,0.000001,1.0,2.6,23.2R,0.04
Jupiter,S/2003 J3,0.000001,1.0,2.6,23.4R,0.04
Jupiter,S/2003 J4,0.000001,1.0,2.6,23.0R,0.04
Jupiter,S/2003 J5,0.000006,2.0,2.6,22.4R,0.04
Jupiter,S/2003 J9,0.0000001,0.5,2.6,23.7R,0.04
Jupiter,S/2003 J10,0.000001,1.0,2.6,23.6R,0.04
Jupiter,S/2003 J12,0.0000001,0.5,2.6,23.9R,0.04
Jupiter,S/2003 J15,0.000001,1.0,2.6,23.5R,0.04
Jupiter,S/2003 J16,0.000001,1.0,2.6,23.3R,0.04
Jupiter,S/2003 J18,0.000001,1.0,2.6,23.4R,0.04
Jupiter,S/2003 J19,0.000001,1.0,2.6,23.7R,0.04
Jupiter,S/2003 J23,0.000001,1.0,2.6,23.6R,0.04
Jupiter,S/2010 J1,0.000001,1.0,2.6,23.2r,0.04
Jupiter,S/2010 J2,0.000001,1.0,2.6,24.0r,0.04
Jupiter,S/2011 J1,0.000001,1.0,2.6,23.7R,0.04
Jupiter,S/2011 J2,0.000001,1.0,2.6,23.5R,0.04
Saturn,Mimas,2.5026,198.20,1.150,12.8,0.962
Saturn,Enceladus,7.2027,252.10,1.608,11.8,1.375
Saturn,Tethys,41.2067,533.00,0.973,10.2,1.229
Saturn,Dione,73.1146,561.70,1.476,10.4,0.998
Saturn,Rhea,153.9426,764.30,1.233,9.6,0.949
Saturn,Titan,8978.1382,2574.73,1.882,8.4,0.2
Saturn,Hyperion,0.3727,135.00,0.544,14.4,0.3
Saturn,Iapetus,120.5038,735.60,1.083,11,0.6
Saturn,Phoebe,0.5532,106.50,1.638,16.4,0.081
Saturn,Janus,0.1263,89.5,0.630,14.4,0.71
Saturn,Epimetheus,0.0351,58.1,0.640,15.6,0.73
Saturn,Helene,0.00076,17.6,0.5,18.4,1.67
Saturn,Telesto,0.00027,12.4,0.5,18.5,1.0
Saturn,Calypso,0.00017,10.7,0.5,18.7,1.34
Saturn,Atlas,0.00044,15.1,0.460,19.0,0.4
Saturn,Prometheus,0.01074,43.1,0.480,15.8,0.6
Saturn,Pandora,0.00924,40.7,0.490,16.4,0.5
Saturn,Pan,0.00033,14.1,0.420,19.4,0.5
Saturn,Methone,0.0000006,1.6,0.5,?,?
Saturn,Pallene,0.0000022,2.5,0.5,?,?
Saturn,Polydeuces,0.0000003,1.3,0.5,?,?
Saturn,Daphnis,0.0000052,3.8,0.340,?,?
Saturn,Anthe,0.0000001,0.9,0.5,?,?
Saturn,Aegaeon,0.000000004,0.3,0.5,?,?
Saturn,Ymir,0.00033,9,2.3,21.9R,0.06
Saturn,Paaliaq,0.00055,11.0,2.3,21.1R,0.06
Saturn,Tarvos,0.00018,7.5,2.3,22.7R,0.06
Saturn,Ijiraq,0.000080,6,2.3,22.6R,0.06
Saturn,Suttungr,0.000014,3.5,2.3,23.9R,0.06
Saturn,Kiviuq,0.00022,8,2.3,22.1R,0.06
Saturn,Mundilfari,0.000014,3.5,2.3,23.8R,0.06
Saturn,Albiorix,0.0014,16,2.3,20.5R,0.06
Saturn,Skathi,0.000021,4,2.3,23.6R,0.06
Saturn,Erriapus,0.000051,5,2.3,23.4R,0.06
Saturn,Siarnaq,0.0026,20,2.3,19.9R,0.06
Saturn,Thrymr,0.000014,3.5,2.3,23.9R,0.06
Saturn,Narvi,0.000023,3.5,2.3,23.8R,0.04
Saturn,Aegir,0.000001,3.0,2.3,24.4R,0.04
Saturn,Bebhionn,0.000001,3.0,2.3,24.1R,0.04
Saturn,Bergelmir,0.000001,3.0,2.3,24.2R,0.04
Saturn,Bestla,0.000001,3.5,2.3,23.8R,0.04
Saturn,Farbauti,0.000001,2.5,2.3,24.7R,0.04
Saturn,Fenrir,0.000001,2.0,2.3,25.0R,0.04
Saturn,Fornjot,0.000001,3.0,2.3,24.6R,0.04
Saturn,Hati,0.000001,3.0,2.3,24.4R,0.04
Saturn,Hyrrokkin,0.000001,3.0,2.3,23.5R,0.04
Saturn,Kari,0.000001,3.0,2.3,23.9R,0.04
Saturn,Loge,0.000001,3.0,2.3,24.6R,0.04
Saturn,Skoll,0.000001,3.0,2.3,24.5R,0.04
Saturn,Surtur,0.000001,3.0,2.3,24.8R,0.04
Saturn,Jarnsaxa,0.000001,3.0,2.3,24.7R,0.04
Saturn,Greip,0.000001,3.0,2.3,24.4R,0.04
Saturn,Tarqeq,0.000001,3.0,2.3,23.9R,0.04
Saturn,S/2004 S7,0.000001,3.0,2.3,24.5R,0.04
Saturn,S/2004 S12,0.000001,2.5,2.3,24.8R,0.04
Saturn,S/2004 S13,0.000001,3.0,2.3,24.5R,0.04
Saturn,S/2004 S17,0.000001,2.0,2.3,25.2R,0.04
Saturn,S/2006 S1,0.000001,3.0,2.3,24.6R,0.04
Saturn,S/2006 S3,0.000001,2.5,2.3,24.6R,0.04
Saturn,S/2007 S2,0.000001,3.0,2.3,24.4R,0.04
Saturn,S/2007 S3,0.000001,2.0,2.3,24.9R,0.04
Uranus,Ariel,86.4,578.9,1.592,13.70,0.39
Uranus,Umbriel,81.5,584.7,1.459,14.47,0.21
Uranus,Titania,228.2,788.9,1.662,13.49,0.27
Uranus,Oberon,192.4,761.4,1.559,13.70,0.23
Uranus,Miranda,4.4,235.8,1.214,15.79,0.32
Uranus,Cordelia,0.0030,20.1,1.3,23.62,0.07
Uranus,Ophelia,0.0036,21.4,1.3,23.26,0.07
Uranus,Bianca,0.0062,27.3,22.52,0.065
Uranus,Cressida,0.0229,41.3,21.58,0.069
Uranus,Desdemona,0.0119,35.3,21.99,0.084
Uranus,Juliet,0.0372,53.3,21.12,0.075
Uranus,Portia,0.1122,70.3,20.42,0.069
Uranus,Rosalind,0.0170,36.3,21.79,0.072
Uranus,Belinda,0.0238,45.3,21.47,0.067
Uranus,Puck,0.1931,81.3,19.75,0.104
Uranus,Caliban,0.020,36,1.5,22.4R,0.04
Uranus,Sycorax,0.18,75,1.5,20.8R,0.04
Uranus,Prospero,0.0066,25,1.5,23.2R,0.04
Uranus,Setebos,0.0058,24,1.5,23.3R,0.04
Uranus,Stephano,0.0017,16,1.5,24.1R,0.04
Uranus,Trinculo,0.00031,9,1.5,25.4R,0.04
Uranus,Francisco,0.00056,11,1.5,25.0R,0.04
Uranus,Margaret,0.00042,10,1.5,25.2R,0.04
Uranus,Ferdinand,0.00042,10,1.5,25.1R,0.04
Uranus,Perdita,0.0012,13.3,23.6V,0.070
Uranus,Mab,0.0006,12.3,24.6V,0.103
Uranus,Cupid,0.0002,9.3,25.8V,0.070
Neptune,Triton,1427.6,1353.4,2.059,13.54,0.719
Neptune,Nereid,2.06,170,1.5,19.2R,0.155
Neptune,Naiad,0.013,33.,1.3,23.91,0.072
Neptune,Thalassa,0.025,41.,1.3,23.32,0.091
Neptune,Despina,0.14,75.,1.3,22.00,0.090
Neptune,Galatea,0.25,88.,1.3,21.85,0.079
Neptune,Larissa,0.33,97.,1.3,21.49,0.091
Neptune,Proteus,3.36,210.,1.3,19.75,0.096
Neptune,Halimede,0.012,31.0,1.5,24.5R,0.04
Neptune,Psamathe,0.0033,20.0,1.5,25.5R,0.04
Neptune,Sao,0.0045,22.0,1.5,25.5R,0.04
Neptune,Laomedeia,0.0039,21.0,1.5,25.5R,0.04
Neptune,Neso,0.011,30.0,1.5,24.6R,0.04
Neptune,S/2004 N1,0.0003,9.0,1.3,26.5V,0.10
Pluto,Charon,102.3,603.6,1.664,17.26,0.372
Pluto,Nix,0.0013,23.0,2.1,23.4V,0.35
Pluto,Hydra,0.0065,30.5,0.8,22.9V,0.35
Pluto,Kerberos,0.0011,14.0,1.4,26.1V,0.35
Pluto,Styx,0.0001,10.0,?,27.0V,0.35
